"uuid","category_name","category_group_list"
"00414591-ddef-8a0e-de5c-0cb829e8f2d9","mechanical design","design|hardware"
"008acc9a-35f8-f250-776c-1cb1a2961b59","flash sale","commerce and shopping"
"01b9cf39-904e-178c-d959-8089f1e90a77","gift","commerce and shopping"
"025caab7-3e54-98f0-061c-73e7af159cd1","education","education"
"0300a491-8816-447f-ab80-dd78a82b291e","basketball","sports"
"03ef4ce7-c2ac-aa82-a8f4-d97ab53cd085","brewing","food and beverage"
"03f72e37-791c-2a02-cc32-3a202dbaab3e","mobile advertising","sales and marketing|advertising"
"04049818-51ba-3bc8-c0b8-226df09e97c9","flash storage","hardware"
"04124a0a-1dcf-38a0-56b8-3fa71b8cba01","textbook","education"
"045d1f34-7440-b8d9-52f7-ca59d77c946b","embedded software","software"
"048fa3b0-ae53-7c4e-c5b7-1ae93b6dc303","broadcasting","video|media and entertainment"
"04b9b565-9930-dbad-d021-c3ebdc28caa9","foundries","manufacturing"
"05ce5995-19d0-7c15-f4c7-19fb5c641c33","network security","information technology|privacy and security"
"05e1d0a1-c34d-cf1a-c686-5a6466a8151b","audio","media and entertainment|music and audio"
"06477b0d-4ca9-ac90-99b4-7323e3367e4b","reservations","media and entertainment|events"
"07b9d58b-7673-8bf4-3e5d-ea1f2bacd142","taxi service","transportation"
"08d7bc9a-de67-b81c-076e-bc59f496ac67","credit bureau","financial services"
"08e0a9b4-14d1-c281-daa8-a228c45e5110","sms","internet services|messaging and telecommunications"
"095057bd-f032-fbb8-eac8-287d1e72a2d9","leasing","financial services"
"0982d9e2-a0bc-a98e-db02-20b18c8b036a","video editing","media and entertainment|video|content and publishing"
"0a590550-09f4-ce55-cc0b-4b9a035d428f","elder care","health care"
"0a8d6f1b-1514-4854-5827-38f73a44eaa6","nuclear","science and engineering"
"0ae5c1be-64b1-a9fe-6c76-076285d2380f","pharmaceutical","health care"
"0b8c790f-03bc-b2ab-a02e-4be855952d6d","facial recognition","data and analytics|software"
"0be54c6a-fdbe-15ec-3bee-79be1f45bc7d","dsp","hardware"
"0c4a69d3-888c-dbb6-0af3-28e09b80393c","data integration","data and analytics|software|information technology"
"0caf426c-828c-53ef-473c-b9b5795d9040","management information systems","information technology"
"0d39287e-5b13-77a6-9702-74294daded43","search engine","internet services"
"0fa1b481-b75a-c22d-b2cb-48caf1bf995a","vacation rental","real estate|travel and tourism"
"0ff04f3a-4264-226a-9c03-a481554b637d","energy","energy"
"104eed8c-8bd5-5d13-e418-d698bf8a2bce","fraud detection","financial services|privacy and security|payments"
"10b5eb37-9363-79fb-7fc9-4e8b04583307","photography","media and entertainment|content and publishing"
"1101e2fd-fb06-08a8-9567-97652bbbe2cf","wired telecommunications","messaging and telecommunications"
"119ffa05-2231-044c-a99a-e9b030897dd4","market research","design|data and analytics"
"11b5fc5f-2db3-a0a6-1457-bb237c7b6ac0","credit","lending and investments|financial services"
"11d12f9b-9b5b-1a7b-6b03-86f76910b094","wearables","hardware|consumer electronics"
"11f6d47d-1ab5-39d9-203c-272b227898c7","humanitarian","community and lifestyle"
"130948fe-84ca-8d3b-6c2c-4879e0c7cbf1","home improvement","real estate"
"1338a4ae-2b9c-a42d-40a5-99a088d99fda","comics","consumer goods"
"13a601f0-2ad6-7339-9fc9-29063b20dfb7","collection agency","administrative services"
"13c69ae7-c5ec-69b4-a48c-f19ab1071b21","nursing and residential care","health care"
"142332cc-29bc-a56c-3498-89a6c1a04ad3","ports and harbors","transportation"
"14364faa-63f9-0d45-7b6a-7378113364a2","food and beverage","food and beverage"
"14b8e624-9423-524b-cf15-ace880522cf5","music label","media and entertainment|music and audio"
"14f97695-c4eb-c348-d373-5863c4b4798a","employee benefits","health care"
"15c8defa-8bae-e547-1329-e2365bb9bb51","parenting","community and lifestyle"
"1680f5c4-9050-f7bf-0a37-4b929f68bd75","food trucks","food and beverage"
"16ad1d6c-c7ee-b6b5-701d-32c79a19dfae","biopharma","biotechnology|science and engineering|health care"
"176f72b5-3733-b98e-7ccb-db49dc29ed4a","wood processing","manufacturing"
"1807265d-6094-93ca-44c6-4bd0bc616183","micro lending","lending and investments|financial services"
"186d333a-99df-4a4a-6a0f-69bd2c0d0bba","intelligent systems","artificial intelligence|data and analytics|science and engineering"
"18f757d2-d6e7-6edd-d035-6b79af039288","ferry service","transportation"
"19ac2387-fcf9-3d99-b209-8b0bc7832829","domain registrar","internet services"
"19c6890b-dbf5-cd2b-6e5a-aadd81c22076","energy storage","energy"
"19d6c5f4-0609-ebd6-970e-fee0e36d20a7","music streaming","internet services|music and audio|media and entertainment"
"1aa6e5d3-a882-e0d8-b37d-bec5a7f509fd","nfc","hardware"
"1ab07b3d-0798-14f5-0119-59cbc3408f8e","document preparation","administrative services"
"1aca2f92-84f3-dbd6-5a5e-f6506cbdb1d9","freelance","professional services"
"1b9f782b-129a-1d0d-e7c8-2af59bfd6c07","fertility","health care"
"1c163fa9-a6a2-42ed-1fa5-299f626804db","bitcoin","financial services|software|payments"
"1c85a4fd-329d-7326-1617-50d98f72a6d1","trade shows","administrative services"
"1c946581-f37e-36e2-913f-b660b45448fe","embedded systems","hardware|software|science and engineering"
"1ca57cf3-99a1-759f-ef54-fca1acf64eac","diving","sports"
"1ded7054-9e6d-2ede-57ad-c95e83be0c06","blogging platforms","content and publishing|media and entertainment"
"1e36267a-f036-694f-25c0-d4f77c7a5bc1","chemical engineering","science and engineering"
"1eededec-493e-2f3d-9705-502fcc7485c0","fitness","sports"
"1efce900-8f68-4c05-f18b-aa6ee273dcde","water","natural resources"
"1f24c7e8-a95d-3e1b-2724-0941e80c9884","crm","information technology|sales and marketing|software"
"1f69cdca-96c4-75ba-97e8-caeef5842a3d","ad network","advertising"
"1f843ff1-4a47-c956-aa2a-cc8d290da90f","impact investing","lending and investments|financial services"
"1f8c929b-3b58-327d-c417-256ea3ff98f8","funding platform","financial services|lending and investments"
"1fec33a7-163f-88a9-7e5c-8967fee59a1e","drones","consumer goods|hardware|consumer electronics"
"202de69d-732b-5471-1e68-8453cfbc8b92","therapeutics","health care"
"2095dd4a-768e-f2d5-c367-c3927a1188d2","casual games","gaming"
"20cd907a-d9d6-2916-8fe3-e2ea07ae915e","semiconductor","hardware|science and engineering"
"20f6eb6e-e7d4-b0b0-baea-4285d83c1a47","contests","gaming"
"2103f7b8-4229-3d5c-408a-66426df21e95","greentech","sustainability"
"216f5e42-a641-b0f3-270a-c9d698604f40","shipping","transportation"
"2195ba8a-24f8-ac97-f345-f36bba46927c","social shopping","commerce and shopping"
"21b207a5-9f0b-b037-9ee9-d9d9ed7c3fa9","fruit","food and beverage"
"222a57e3-269e-6c3f-d2df-01a65ff1b9ac","sex industry","community and lifestyle"
"2366c2de-e560-cdd6-458d-749172aa7077","film distribution","video|media and entertainment"
"23c1776a-e1fb-d4e0-5f11-ea7c4dcbf02e","archiving service","administrative services"
"245880f2-a61a-0ea2-cf81-306964716611","edtech","software|education"
"24c09530-c94b-258f-2e77-10aaa0bfe87e","procurement","transportation"
"24c5db84-02a2-6040-49cf-4314b287674f","identity management","privacy and security|information technology"
"24dad27e-6a49-ccc1-ec31-854b73d60d16","speech recognition","data and analytics|software"
"262727f4-409a-1b3a-4e14-040339daa54a","social media marketing","sales and marketing"
"2643338a-b464-bb84-8a4e-2a1f0e8a9958","tobacco","consumer goods|food and beverage"
"275ddcbc-27de-ff4f-4e50-6dc26ebf9570","e-commerce","commerce and shopping"
"2772a539-e636-09dc-30dc-b1a7deb98d0e","internet","internet services"
"2795f8fd-4718-3f8f-7513-5391ab707c90","marketing","sales and marketing"
"27d62522-9ec5-72be-aed4-a1d8dbf721a8","serious games","gaming"
"28169022-9937-f752-a38c-c40538cd7222","oil and gas","energy|natural resources"
"28c00d6b-e130-1002-6923-a0336e72bd82","private cloud","information technology|internet services|software|hardware"
"28c9216f-6e08-d0f9-9ff4-aa2cf0cd17da","chemical","science and engineering"
"292d82c5-5381-9717-827f-3122ee792e71","web development","software"
"297fe0f2-0d88-ff35-9d46-1c54bf812892","file sharing","software"
"298a2cd6-58da-226c-7cf0-3288673844cd","real estate investment","financial services|real estate"
"29a20c87-a964-aa50-c4c5-1c913e350685","gift card","financial services|commerce and shopping"
"29aa8efa-db2e-0196-2249-b4cdf553b519","environmental consulting","professional services"
"2a554cd3-018e-9350-a7e3-4e7d4c76be38","amusement park and arcade","travel and tourism"
"2d1ad8b1-e01b-f4ea-70be-41c43a4ec269","virtual world","software|community and lifestyle|media and entertainment"
"2d294e65-80ba-93e5-3a51-92cf5e2533ed","sales automation","information technology|software|sales and marketing"
"2d410a02-e5d0-95f6-f7f7-690061283dd1","employment","professional services"
"2e3b8104-b12e-468a-65b8-0989208f0b16","business intelligence","data and analytics"
"2eb0b56b-6896-e0f0-545f-c747a9ba6751","virtual assistant","software"
"2f47ba93-33d3-61fe-de89-0fe8a4a8366b","digital media","media and entertainment"
"2fb9b79f-0f4b-0f2b-a2f6-ef284a2a4219","performing arts","media and entertainment"
"301b97f0-6284-b2f2-6457-848b4e10828d","seafood","food and beverage"
"30315074-3399-87b3-bcff-8d480c8fdf3b","fossil fuels","natural resources|energy"
"3081ce4e-c6f2-b335-5b5a-3b39607035a3","fuel","energy"
"3082b9fa-e0fd-150a-1f2d-a6f8d3515c0c","advanced materials","manufacturing|science and engineering"
"3146fe49-55b3-c175-c3e1-ecf074bc87de","translation service","professional services"
"3171fe79-1f83-8634-f6bb-2be9e71ff530","task management","software"
"31ae67ae-614a-aa48-1c41-b496653cd903","corrections facilities","privacy and security"
"32777797-2760-0d5f-be94-e6260845925b","sem","sales and marketing|advertising|internet services"
"3278dd73-9e17-26cd-11ef-1d5b99a6cea4","pet","community and lifestyle"
"3286b492-cffe-5c52-f7a3-9f9f16ae88fe","emergency medicine","health care"
"3343a371-2b37-8490-7f75-9b6545d445c4","distillery","food and beverage"
"3373d4b5-2db0-b716-1e22-f57271941e32","green building","sustainability|real estate"
"33cfeb88-f323-1b4f-8ecc-f3f876a5df05","mobile payments","software|financial services|payments|mobile"
"342cedc1-6dff-c0fa-2e2f-f376b7db1f69","psychology","health care"
"343e767b-82a3-a443-f914-1d1966d8eab2","skill assessment","education"
"351abbd7-efe7-dfb2-59c3-4d608db4d53a","audiobooks","media and entertainment|music and audio"
"367f9cec-51a7-8561-3d3a-4f8855fd5c46","trading platform","lending and investments|financial services"
"36d978da-3446-f5e0-8adc-ca923f0b62de","table tennis","sports"
"371b7b2c-75fb-9c00-1778-5a24bed20453","developer apis","software"
"37714837-1551-7278-3912-4d5dd4c652a1","timeshare","real estate|travel and tourism"
"37b8e1da-ddd2-2beb-aa15-9fadd061282c","medical device","health care"
"37c7ea8c-3919-ab3c-deb7-0c3735854f1c","cosmetics","consumer goods"
"37d687ed-5ad9-d434-d1fc-09accbb96667","point of sale","commerce and shopping"
"37fdfb55-c4c7-e30c-279e-06b79f0d4c85","it infrastructure","information technology"
"38029a58-e0d2-1249-883f-7c8da9db32b7","consumer goods","consumer goods"
"38332b1e-9615-917e-89c0-346d631ffa97","recycling","sustainability"
"387a8f76-15f6-04db-3cbb-4e3f85a194f2","travel agency","travel and tourism"
"394fda16-eeab-4398-f53c-79785038b60c","online auctions","commerce and shopping"
"39c6bdbf-d3db-5e68-53c3-5488e7699603","data center","information technology|hardware"
"3a2e9f35-7845-a881-01d3-2852a3c6a2f9","precious metals","natural resources"
"3ab64b42-61dc-08a5-cfe3-a25127ae3eea","content","media and entertainment"
"3b1e8633-70a5-0f3e-acbd-a5faa1c7b363","ad targeting","advertising"
"3b3b024f-f777-ed33-4309-75fbc37850bb","consumer reviews","commerce and shopping"
"3bfc0aae-0f8c-c8ef-cac9-ac6b2fa504aa","first aid","health care"
"3cb6925a-9f57-2f10-049c-6632a409269a","google","platforms"
"3ced088e-84de-330f-443a-1aa6cd3cc29f","higher education","education"
"3cfdd7cc-1dfe-1746-2d08-aa25f056d781","cad","design|software"
"3cfec0c2-95d7-78a9-8c8f-487f21b8130d","online forums","internet services|community and lifestyle"
"3d5fed86-1931-8979-980c-ccd11c500964","timber","natural resources"
"3d8bdbe9-4c30-7a77-bba0-85d7f00f6a6a","macos","software|platforms"
"3d91b7f7-78f6-2c44-e6ea-9a5e3e392f06","craft beer","food and beverage"
"3d95d448-d63e-c411-769b-9aa1321cc7a6","energy management","energy"
"3de73809-e7ff-63ed-5292-ab3ef6602816","network hardware","hardware"
"3e0e2772-75e9-4f7b-aa6d-a8dc3dc9e7c6","marine technology","science and engineering"
"3f21415b-5784-6be6-3722-eb189190b7cd","health care","health care"
"3f49498d-20fe-408c-ce0c-5425ee885d74","android","mobile|software|platforms"
"3f4ebc8c-8d6d-623c-099b-4b3a437d98db","electric vehicle","transportation"
"404d4762-e5b6-1721-c045-6b0556619e73","public transportation","transportation"
"4056544b-0bef-a056-46a9-e2cf4f7d85dd","social entrepreneurship","community and lifestyle"
"405bbe19-f48e-ca4e-0725-0ccce036fb37","mineral","natural resources"
"420ed687-9b30-4463-115e-e6150ad85aa0","ad exchange","advertising"
"421943ef-50ae-c811-470e-c66a0323cf0d","robotics","hardware|software|science and engineering"
"42704299-9fe2-b1cd-cbb1-cd94d2d24e75","gpu","hardware"
"42707b93-949f-57f1-3b7e-8a6208e21efc","penetration testing","privacy and security|information technology"
"42a1e8f7-06c8-864e-d8c8-432e57b6a0db","cloud infrastructure","internet services|hardware"
"42bf7b8c-7f0f-3581-f6d0-ed135afd8278","online games","gaming"
"4349df99-4484-6059-bde4-1b4ac7b55abd","toys","consumer goods"
"44cbfd35-6e4b-3af5-74d2-ab01eb112bbd","stock exchanges","lending and investments|financial services"
"450c30b7-4e4e-2081-2a88-1ccea6196953","content marketing","sales and marketing"
"459ef85b-685a-1d51-c3e9-13fc35e6fe6e","enterprise applications","apps|software"
"45a2bbea-ddd8-9198-5358-37d9c1c7e8b2","home renovation","real estate"
"46364f24-4c13-d464-305c-fe9bf0c30087","mooc","software|education"
"46c250d5-00f6-d12f-4ad8-9b16f8b233d4","cyber security","privacy and security|information technology"
"47592b2e-aaaa-6aa3-d0e9-82ab5e525c2d","tv production","media and entertainment|video"
"47b73381-2216-6616-6616-fe4cf370f70c","water transportation","transportation"
"47b7f337-c81c-bb9e-e4d2-08022a0dd60f","genetics","health care|biotechnology"
"47dfbbd5-ca99-4bc0-4fa1-dd2e60a7a7a6","xbox","consumer electronics|platforms|hardware"
"47e90bba-dfb4-2b2e-0034-d3e7c809373c","outdoors","sports"
"4824f20f-f433-e038-97d8-7be1126eb82c","classifieds","commerce and shopping"
"4835e2e6-66b5-9b5b-34ca-ce75de213225","event promotion","media and entertainment|events"
"487dda72-7f23-9794-730c-9ce6250a748e","voip","internet services|messaging and telecommunications|information technology"
"48d51286-b254-c626-b5cd-2357ef5bf2bc","presentation software","software"
"48f77fba-91a0-ac0f-8367-b1aff1dc8170","fleet management","transportation"
"4996175c-0c92-f204-2b55-f940bc1cc6d6","recruiting","professional services"
"49f88f02-6018-cdea-a366-abef5d02d8a2","auto insurance","financial services"
"4a45af54-9841-add7-cda3-1c166889a6b0","loyalty programs","sales and marketing"
"4a52ad36-3a7e-1a14-8bb9-890aeb21f8c8","cms","software|information technology"
"4a751b79-be1f-1b0c-b123-8ea57112f2ba","skiing","sports"
"4acdae6a-217f-be4d-5f3d-6955756b92d5","winery","food and beverage"
"4af38a51-59d8-e922-f739-204e1e35b441","consumer applications","software|apps"
"4b5272c7-6e2e-cba3-5b37-e35dcb737344","quantified self","data and analytics|biotechnology"
"4b6c9531-07fb-d30c-4200-4af5c8571b14","diy","consumer goods"
"4bacab56-cafe-2e50-fdb2-7cb16c0b1cd6","seo","sales and marketing|internet services"
"4c05603a-de94-fa09-adb6-7ecde1c12c14","auctions","commerce and shopping"
"4c2e7382-66cb-5e44-9b3a-d9983d537a0c","rehabilitation","health care"
"4c6005cd-3476-35d2-ceab-b7d4f1d89e8b","security","privacy and security"
"4ce2baa5-af58-d411-d635-5144a876881d","mining","natural resources"
"4d4b3487-d2f7-4605-328a-adddc1a693be","contact management","software|information technology"
"4d5971dc-db1a-a9a5-8911-9f546f3c2be2","edutainment","media and entertainment|education"
"4e20225b-89bf-f189-d197-d7b96ed0c245","secondary education","education"
"4e20727f-c812-96f1-e6ce-c41fe6000cb3","fantasy sports","sports|gaming"
"4e97741f-98ac-26d4-95b9-74220bad7814","podcast","music and audio|media and entertainment"
"4edcbe9d-678a-3b25-b61c-293ddc52507a","spam filtering","information technology"
"50f7f0b8-21a5-22e3-20ff-34c02396a047","financial exchanges","financial services|lending and investments"
"512e0deb-38ca-db24-2cfb-76b16f739766","sex tech","software|hardware"
"51385655-f802-346b-045d-f44f461989fc","restaurants","food and beverage"
"513c0231-6c91-3702-ab2a-4f01b7ec73fa","nightclubs","media and entertainment|events"
"516d5e97-b6ec-f785-65ad-b2cea62ae68e","electronic design automation (eda)","software|hardware"
"51c0d758-772d-e2e5-f7ea-0988d5a7d8f8","indoor positioning","navigation and mapping"
"5222bb72-6a6d-08c3-7afe-afa9db296e5b","reading apps","apps|software"
"5330335e-33c9-5613-67d8-cac000930acf","equestrian","agriculture and farming"
"5349a2f2-14d8-9727-c32a-19ebea5db78c","social media","internet services|media and entertainment"
"53d763c7-8c06-f94a-1ba5-27039feee67c","commercial insurance","financial services"
"541939b6-43da-dc84-31e3-3523a87a2129","film production","video|media and entertainment"
"548cfeb2-0b4d-6b91-a514-c3646e3f70db","life insurance","financial services"
"54ae5944-5d30-95de-62d5-170535f943cf","personal finance","financial services"
"54af3c84-9aaa-f5b7-8a00-68d3ad54c3a8","personal branding","sales and marketing"
"553f1e10-4f44-ea96-cbf1-4540b0ae0363","satellite communication","hardware"
"55d506cf-4bdc-85e0-2076-230bfac65d6e","theatre","media and entertainment"
"56483f2d-3a35-70be-7b80-24c5bad5f1b8","web hosting","internet services"
"564e5e59-65fb-82ef-ef3a-5084e5fa6132","content discovery","media and entertainment|content and publishing"
"56778c1f-b81f-0b1f-f402-d21124c88b3b","railroad","transportation"
"568bdc79-d059-d824-e701-255e5aa86888","sns","software"
"56ebee1b-6762-12ca-1146-6081fa2027f8","made to order","commerce and shopping"
"575b22d6-f4d8-abba-90b2-92bd25ff2ad2","home services","real estate"
"57d4964b-dc51-a0e9-fb24-869ed418e858","consumer software","software"
"58284e68-4cf7-e34f-ae3b-dd68f25e9b99","printing","media and entertainment|content and publishing"
"58842728-7ab9-5bd1-bb67-e8e55f6520a0","biotechnology","biotechnology|science and engineering"
"58d758fe-03c3-6cb4-cb71-c188d2596876","limousine service","transportation"
"593534eb-7096-7307-deae-0206fa508e13","staffing agency","administrative services"
"594199f2-218a-15f9-e12a-1ac06a1dc48f","environmental engineering","science and engineering|sustainability"
"59c8fdd7-d408-86d2-3805-de824af0016b","american football","sports"
"59ca1fa9-cc20-7f84-3c52-a6cee0ffe4a8","outsourcing","professional services"
"59d10fca-f43d-237e-bcae-535cd1ca657c","facebook","platforms"
"5ada59d6-cc9e-97c4-9dea-bed9f472100b","crowdfunding","financial services"
"5b8aca67-4f27-bd26-d245-0350b537165e","transaction processing","software|financial services|payments"
"5c362e08-2d00-f3b4-ca60-584bfcc4e72f","publishing","content and publishing|media and entertainment"
"5c4e6926-5ff7-b188-0892-c8eb036c5ace","saas","software"
"5ca011af-31fe-335c-6866-ff8b635bb2f8","tourism","travel and tourism"
"5d591be4-ff96-01a7-0493-183606afe26d","document management","software|information technology"
"5d9b1750-8176-20fb-3bc6-f02ea58c7215","adventure travel","travel and tourism"
"5d9d97f5-440d-56f7-976a-d5b0a3c5a77f","multi-level marketing","sales and marketing"
"5de864a5-d563-86e4-bc83-0217ccb643a2","application performance management","software|data and analytics"
"5e259e7c-a263-836e-0c92-70bc5219d6cf","recreational vehicles","transportation"
"5e61c8d6-0b40-8d9a-5d29-8142b897593e","app marketing","sales and marketing"
"5e863b20-28f6-a760-89c7-005249ab4a70","organic food","food and beverage"
"5ea0cdb7-c9a6-47fc-50f8-c9b0fac04863","machine learning","software|data and analytics|artificial intelligence"
"5ecb5545-454b-9dca-6eb3-1ea48692c3c4","horticulture","agriculture and farming"
"5fd72d4b-40dc-4f4d-f702-82e8cffb5e7d","ebooks","media and entertainment|content and publishing"
"614d792f-67ed-cc5e-f654-48390d91eda6","console games","gaming"
"617826b9-058f-d135-8836-884483f3b299","funerals","health care"
"61b83871-f3be-f95f-93bb-d555157a4ff6","developer tools","software"
"61e3a9dd-a7b8-0791-be72-42b72890fc01","marine transportation","transportation"
"61f19815-c7f8-ed2c-8dd1-81bb306560fa","college recruiting","education|administrative services"
"62564c13-d63b-1a8e-6894-27dd668b51d4","rfid","hardware"
"62bac433-ee68-7075-c47e-c9efc0d3c0aa","food delivery","food and beverage|transportation"
"631d91d6-9da7-6e50-4eb0-d27e28ed2a7f","art","media and entertainment"
"63d2bafb-b8b8-8279-eaf3-dd06356d08aa","surfing","sports"
"63da4ab3-21da-7857-687e-24920e68c249","diabetes","health care"
"64bb1fd0-8519-e087-57a0-6b2c77ba91fd","risc","hardware"
"650c4c50-3a45-4725-d8e8-48cd0e10bb05","hospital","health care"
"651da5e5-fa99-061c-31f7-52074fe2092f","rugby","sports"
"654b60a6-b105-fc40-2295-88a9a7dab2f5","nutrition","health care|food and beverage"
"655df1bf-587c-59e3-4665-136fb2920827","shopping","commerce and shopping"
"663f3831-4ac8-a42d-8dbd-0a8c3a0a9dd7","vending and concessions","commerce and shopping"
"66be03e0-5dab-b881-1c03-0a249714bf56","ticketing","events|media and entertainment"
"66c636ea-a20c-cc61-fb12-73dce804788e","property insurance","financial services"
"6798b0e8-d683-9088-f29b-e9838a21e08a","electrical distribution","energy"
"67f3477c-efb8-1b7f-34dc-d9cf85c1919e","shoes","clothing and apparel|consumer goods"
"68118c46-7a57-0ad6-71db-19beb493f01e","webos","platforms"
"68250c3a-6cf5-86fb-281e-9072ae2d4fe8","banking","lending and investments|financial services"
"68413bd1-e42d-4cf1-815b-62e64a6b922a","quantum computing","science and engineering"
"687e34ef-30e2-af08-a178-436d6b53d633","email","messaging and telecommunications|information technology|internet services"
"688d1db0-0708-637a-3973-b1ca96ae2b9c","paper manufacturing","manufacturing"
"68e7ba7c-5e31-2abe-ec3e-c157059ec904","nightlife","media and entertainment|events"
"6a29209e-2241-72fd-358f-77f6e99905c6","politics","government and military"
"6a733ac8-b79c-e2d2-55b9-cc3d66435eb6","agriculture","agriculture and farming"
"6cb68537-2de1-b041-2ee5-451ff81bccab","advertising","advertising|sales and marketing"
"6cccdcbd-26dd-4d3a-a278-568f9ae5ed8c","creative agency","media and entertainment|content and publishing"
"6d121d5d-b67f-1765-6403-d33e865f0e28","price comparison","commerce and shopping"
"6d8f96f4-91cc-9501-4ad2-d66e65cfbca7","presentations","software"
"6dab555a-c4f3-dc69-4250-e1e530475197","stem education","science and engineering|education"
"6dcf0103-1977-291c-71e3-04df32828986","reputation","information technology"
"6e028126-f8ae-ecdb-9bd4-2c4c1569084f","ios","platforms|software|mobile"
"6e492b25-9bc1-dea5-e58a-f2fd86a7788a","debt collections","financial services|administrative services"
"6ea20ef4-dd12-8a46-3565-22dab9c8a7d4","snack food","food and beverage"
"6ed1eddf-4d71-581a-c523-7ccdf6759e64","photo sharing","media and entertainment|content and publishing"
"6f169dae-3199-cda7-a7eb-94c30066691c","digital entertainment","media and entertainment"
"6f5a4398-0331-8803-65de-c927ab8e5d20","sensor","hardware"
"6f70fb36-d6a3-18d2-f09d-ccdd6bbf91e0","industrial manufacturing","manufacturing"
"70b41afa-2761-ea9e-86c4-0dfa312bedf1","sales","sales and marketing"
"70bb82f6-1bae-fa71-8c89-66307f6f22cb","beauty","consumer goods"
"70c61872-0802-45b9-3a48-aba7431b7bde","qr codes","software"
"711f1e7d-b480-4822-7a24-14e5fa2e9427","application specific integrated circuit (asic)","hardware"
"714d833f-2234-98bf-19bf-9ff70a5e2d17","social network","internet services"
"71918537-d499-ddfa-ec1c-ea7e2b775289","charter schools","education"
"72eb8163-24b3-80c8-6851-21019ceaaaf4","lead management","sales and marketing"
"744fa5d2-258f-24df-55d6-38983e272543","coworking","real estate"
"74f62604-0f9c-b02d-0ce8-6f750c0da7ab","car sharing","transportation"
"755a3876-a84b-866f-a96c-396515fd5eb1","advertising platforms","advertising"
"758d848a-708f-1c66-8388-9eb6af660417","delivery service","transportation"
"75de3d67-54b8-46ce-0797-bc7ba0438c4d","rental","commerce and shopping"
"75e2efe6-f901-2137-da85-cd4f5627295c","military","information technology|government and military"
"7607ad5b-247c-f366-00ba-dd0e738ec5b1","jewelry","consumer goods"
"76c672c1-ef33-72f0-8027-d747c8c6e4ba","3d technology","software|hardware"
"76fb8b23-b968-9417-9c2c-693b5006e504","unified communications","information technology|messaging and telecommunications|internet services"
"772da8fe-26d7-ea09-00ff-0fc7c8368b50","marketplace","commerce and shopping"
"77327c13-6a59-488a-82dc-e39af2fa6df1","computer","hardware|consumer electronics"
"77ed4b62-9d8b-8e69-fc03-56fd2297092c","homeland security","privacy and security"
"7866a1c0-21ec-241c-c2a6-d263a6ef49dd","cloud computing","internet services|software"
"789bbbef-c46e-1532-a68d-f17da87090ea","natural language processing","software|data and analytics|artificial intelligence"
"78b2a236-7c94-0f2c-579c-9d710921c0d8","ux design","design"
"78b58810-ad58-a623-2a80-2a0e3603a544","media and entertainment","media and entertainment"
"78f709ae-d8fb-cd28-218a-f090789f628f","mobile apps","mobile|software|apps"
"7942caad-878e-65f5-4991-471dc8e7667d","esports","sports"
"7a37f7dd-da23-e8b0-3fea-7f16a607d7bc","racing","sports"
"7a5d7f38-1774-dd12-fda4-b96b067483b3","consumer research","design|data and analytics"
"7a6d8aad-7b87-534a-7f5d-c1766c2cd33f","management consulting","professional services"
"7b38226f-8c7d-9fde-2bf4-2f10e1f34cb8","drone management","software|hardware"
"7c4a47a6-191f-47c2-acb7-7cb621e19ec2","swimming","sports"
"7c4c30f8-1d77-23ef-8349-43f2d67107c6","mining technology","natural resources"
"7cd5bc2d-b7d1-91dd-1778-eabdf1399ed9","nutraceutical","health care"
"7d0f2edd-c829-7bba-c3c6-689cebcd2e01","tennis","sports"
"7d5e72c3-4752-def2-ac40-e24aac2a004b","parking","transportation"
"7de5b73e-eaae-fc18-86df-7a1cd7f298cc","pc games","gaming"
"7ec4e4c8-a648-da5d-c02b-90a98c5ebfcf","supply chain management","transportation"
"7efa3b6d-0ad3-3b0c-153c-94e566e5adfd","call center","administrative services"
"7fb7d93c-1a96-11b3-f35e-ade2c172458b","ad retargeting","advertising"
"7fbec13c-08c6-3790-4c51-ff3f46311286","q&a","community and lifestyle"
"80ccab3c-f397-2628-2bc6-bdcbde68eb89","gambling","gaming"
"80da2623-d9d3-1c8c-e6eb-be97463d0fe1","animation","video|media and entertainment"
"8114726a-f6cc-44ee-857c-e7b87776f06d","guides","media and entertainment"
"817e5e50-a6ca-547e-f596-95afb880a818","rental property","real estate"
"82086f50-e760-003b-3a54-1649025c93d3","assistive technology","health care"
"8256b6a2-134f-d28e-a78c-c606ce4e0b97","property development","real estate"
"829f037b-8171-d9fc-7618-4c6b46038020","ride sharing","transportation"
"82bf2be6-3f6a-dcc7-b503-db3361577b8b","celebrity","media and entertainment"
"82de314c-ef02-754d-f515-d1c27021b22f","isp","internet services"
"839a5a99-3262-1e44-7688-895f3570d3aa","meeting software","software|messaging and telecommunications"
"83bd19b9-d944-aab6-8da7-9552a453ed93","lending","financial services"
"856e4d56-4de9-9650-5d2f-22d0bb2d2334","furniture","consumer goods"
"8672f521-ce9a-e851-adff-c35d2441a0ad","travel","travel and tourism"
"86985333-a422-db8b-7d51-478c132bfad7","delivery","administrative services"
"86d91a85-ff9d-93db-4688-3b608fee756c","tv","media and entertainment|video"
"8814acc5-9b6a-4f53-28e3-a41c22d6477b","mobile devices","hardware|consumer electronics|mobile"
"889f41bc-32c4-033d-fcda-3b34ea30a42e","office administration","administrative services"
"88eb1c13-adf5-8728-df29-0590a0ce0ab8","travel accommodations","travel and tourism"
"89007248-4ee9-6c15-8515-12f0c02c6ace","smart home","consumer electronics|real estate"
"89677d30-71f2-a6c9-efca-fa3f4ae4de1e","credit cards","lending and investments|payments|financial services"
"897af483-8963-a2ab-16ff-2b3489106f0e","autonomous vehicles","transportation"
"89b9e37a-0dcb-a76e-0816-b69d9b54279c","augmented reality","hardware|software"
"89da20c4-f7c5-1b6c-6ec6-ca4c272df3c9","consumer electronics","consumer electronics|hardware"
"89fc23fc-2ec1-4aa3-906e-e6afb448ae0b","commercial real estate","real estate"
"8a20023f-3e32-20bb-b6ab-e824a0386367","aerospace","science and engineering"
"8a3ae13e-ac51-4759-31a5-c578e6c1e31c","farmers market","food and beverage"
"8bd96e9c-db8c-261d-d074-1b80a919c786","collectibles","commerce and shopping"
"8c09868f-b82e-6e44-5908-384b5980db03","prediction markets","financial services"
"8c1b0c58-4cc6-5d0a-0208-f656f91e4c82","health diagnostics","health care"
"8c453fd3-90cc-5be3-23a6-cb2944fb05cf","data visualization","data and analytics|software|information technology|design"
"8c6239bf-6854-494b-1a16-e4f7a286dbd5","messaging","information technology|messaging and telecommunications|internet services"
"8e122314-2dde-8ccd-d250-548ee8f87c10","angel investment","lending and investments|financial services"
"8e444f22-2d12-19a1-d6d0-1d1952887a83","clinical trials","health care"
"8e46de21-5561-0114-eacc-cae29ea61767","recipes","food and beverage"
"8eb1f507-dc73-15d6-cd18-36f20a0e7318","civictech","information technology|government and military"
"8fae7891-8002-aee2-311a-92b253c892d8","biometrics","data and analytics|science and engineering|biotechnology"
"9017245c-8985-9a74-e855-0219d5ce56a3","business information systems","information technology"
"90b4194f-1d4f-ff5c-d7a6-6b6f32ae4892","financial services","financial services"
"9126275d-d470-1524-02f4-93d481721a6e","medical","health care"
"917e01db-e156-b8f9-507f-ae9b76ecfc48","event management","media and entertainment|events"
"918533dd-fab3-dce5-018f-e49cff260fb9","shipping broker","transportation"
"91d07503-1e4b-bec1-6115-6df19b26be3c","tea","food and beverage"
"92c7693b-bb7a-fa14-f760-a89a62c950e1","building material","real estate"
"92df4ad0-7ad6-87b0-2025-9e6c0f2395f8","in-flight entertainment","media and entertainment"
"92e4e78e-9327-235b-b7ad-a48b5e54ac55","industrial engineering","science and engineering|manufacturing"
"93872d37-a1f6-a0af-b9e2-0b150c79f8eb","retail technology","commerce and shopping|software|hardware"
"94f4c1fe-27c1-1dd5-7cb7-0d8a687bc276","e-signature","privacy and security|information technology"
"9519382c-7907-e6fd-7669-fd7af414d32e","courier service","transportation|administrative services"
"95642ff0-23e9-79a3-612b-50de99f06305","transportation","transportation"
"961c226d-8c8f-a642-6bc2-03f92cdd3a2c","wedding","community and lifestyle|events"
"9670a37a-fb55-d2e8-d6fc-b4d85c2e7eb3","interior design","design|real estate"
"97c84ba1-ec20-457c-33cb-28dbbac5710b","vocational education","education"
"97e0bac2-7d87-173a-47b3-366f201da451","food processing","food and beverage"
"98200a73-2ba5-0e0c-74ad-f9c1140cb2f4","ediscovery","internet services"
"982fba85-05b9-7702-8a4e-518424a489ca","natural resources","natural resources|sustainability"
"98698685-a983-4d2f-a11d-de7e3602eda4","social media management","internet services|sales and marketing"
"98de1ee2-4c3b-be26-0f7b-46fddbbfe76d","law enforcement","privacy and security|government and military"
"98e7ead5-ed98-1a63-daa7-9ec18919a6ab","content creators","media and entertainment"
"99606484-dc77-fe7a-2c8b-f20dd9e44f67","personal health","health care"
"99a87fee-dfc7-e887-2e41-5bdf00577cbb","cleantech","sustainability"
"99c5404c-0ff5-8ee5-d334-4b944ddb8cd9","analytics","data and analytics"
"99dcb039-c672-885e-6290-e0c72667e1f0","incubators","lending and investments|financial services"
"9a7758a1-8a6d-6489-3369-7315ac5e5e8c","browser extensions","software"
"9a786ae3-ba9d-7d07-3165-2d4e3c91a124","electronic health record (ehr)","health care"
"9b58eb8a-89e7-b238-a1eb-5b9766cc4b3a","life science","science and engineering|biotechnology"
"9b7bff94-c36c-b8d4-8789-69670454fe84","direct marketing","sales and marketing"
"9bff86a3-0dc8-1420-9a63-3b86f51d2f36","digital marketing","sales and marketing"
"9c453c6c-2fe9-7f99-eed3-d39d6a05cb3a","data mining","information technology|data and analytics"
"9c5dc6d5-70fc-b0b1-106c-42d0326e8a37","forestry","agriculture and farming"
"9c8cd193-3019-4b85-0080-258e4a807e29","enterprise resource planning (erp)","software"
"9d01b6be-c071-6db0-eb2d-b18094bde681","wealth management","financial services"
"9db815ce-a0c2-03b0-cd64-f7492ea1a2e9","fuel cell","energy"
"9ea85399-55f4-8722-8d70-63271a266017","lifestyle","community and lifestyle"
"9ebf5fb1-a1f9-7c81-da82-517c05bfee06","direct sales","sales and marketing"
"9ee51d4b-2d79-a32c-479f-668767ad6898","aquaculture","agriculture and farming"
"9f50bbb6-bb1d-9c05-b673-a8876f547b2f","windows phone","mobile|hardware|consumer electronics|platforms"
"9f701861-d7ed-8dba-de9b-25c2ce5018cf","livestock","agriculture and farming"
"9f8132a0-2620-1f89-a2d2-fadbb3f16b4c","wireless","mobile|hardware"
"9fc4cc26-b3dd-038b-ce64-713b75a91871","app discovery","apps|software|sales and marketing"
"a0144815-bd8f-9a1b-42ae-74c91617a77c","sports","sports"
"a05dcda6-3d19-288d-9b66-1473706720aa","product design","design"
"a0c80217-ef62-a3bd-5302-71e147d758b4","ultimate frisbee","sports"
"a0e2db7f-8397-b365-a8eb-8907eadf527a","private social networking","community and lifestyle"
"a1251139-5e61-86a7-abe2-9e2eb1f16bfa","simulation","software"
"a1ec698c-164f-d8da-096f-bdbb751c21a8","music venues","media and entertainment"
"a2684225-b25e-e606-6c7b-0f513d6eb7aa","cycling","sports"
"a326e225-acb8-f9c0-abfe-609a82b71965","real estate","real estate"
"a3a34a17-be2d-c903-687f-6f1f3e6530ba","assisted living","health care"
"a3b491d8-8d66-b566-a059-c14322895d77","mhealth","health care|mobile"
"a402e198-e69b-eda2-2454-0bd8c09fd0df","paas","software"
"a4673e89-6e92-34b3-43ff-c0d68d682ef3","intellectual property","professional services"
"a46ce4ef-1d69-817b-bc91-90452e588bd0","hunting","sports"
"a477d733-6770-63f6-8b37-9444379e3186","national security","government and military"
"a4ee0f7f-b8b8-1156-4899-c490e1d26766","commercial lending","lending and investments|financial services"
"a4ef4f4d-5063-a104-f758-53d855db79f1","mmo games","gaming"
"a5194b80-118a-af3e-db95-665fd12f2474","dietary supplements","health care|food and beverage"
"a572ed88-c7c5-7ebb-e06e-65e7ed62d17b","software engineering","science and engineering|software"
"a5d54295-9870-c680-9567-85226d7206c0","communication hardware","hardware"
"a60e9792-884d-0696-63f7-a9c0f3100ded","a/b testing","data and analytics"
"a640c3d9-c6e7-c184-e04a-e87f76092f50","casino","travel and tourism"
"a69e7c2b-5a12-d999-e85e-a0da5f05b3d3","computer vision","software|hardware"
"a6b9c45f-2caa-42e1-30e7-26c546d43186","logistics","transportation"
"a78ac397-329a-b850-fe64-5e4c86705a32","consumer lending","financial services|lending and investments"
"a7e6d51c-665d-5b0b-11ca-07737db50c4e","local advertising","sales and marketing|advertising"
"a90af7ae-cd98-8e2a-1a6f-589fe4037a86","concerts","media and entertainment|events"
"aa1a6ba1-4a41-6ab5-643a-fe90e2407577","water purification","sustainability"
"aa868e5f-e016-f3ea-e079-80d01fddfbcd","twitter","platforms"
"aac4d736-66bd-2327-7701-1416bf43695c","geospatial","navigation and mapping|data and analytics"
"aad2f937-0707-e264-9c2e-63a2f5083150","soccer","sports"
"aaf61538-799c-4dbd-74b8-276d16827133","sailing","sports"
"ab4e56e5-a439-3a99-9a2a-90af9b88326c","shopping mall","commerce and shopping"
"ac057a31-756a-62be-1677-0fee94b6aeca","bioinformatics","data and analytics|science and engineering|biotechnology"
"ac262c26-a817-48f7-1e93-3b2530a5e51d","freight service","transportation"
"ac34c4c6-e430-f66f-44ae-ef8ca45b52bb","semantic web","internet services"
"ac909e6a-4cc4-07ab-9d41-7eb068ebdb35","darknet","internet services"
"acce6b21-0007-d432-f31c-42d7ee030a98","facility management","real estate"
"acee45c1-07e3-c7a2-4853-f9df6c484e9a","web browsers","internet services|software"
"ad091ee0-0259-f129-7777-10f65213584d","accounting","professional services|financial services"
"ad8f33a8-c5d0-b7d7-86f3-89aa2954c119","visual search","internet services"
"ae1414c1-0cf4-982f-7ff7-c104e9a87c32","ad server","advertising"
"ae47d4bc-fe64-9638-06b8-ffdf91a9f82a","cloud management","information technology|internet services|software"
"ae5718dc-8602-c733-e62b-28e6167091ad","finance","financial services"
"ae8f68d2-9319-f2c2-3549-4f1ac2851660","3d printing","manufacturing"
"aeae9394-5d34-5f75-8439-5edfe8f12644","resorts","travel and tourism"
"af333248-9c7e-50c5-168a-e91b86595a17","apps","software|apps"
"af4d3fd1-e004-59df-c082-a0b0bbebd4a0","cosmetic surgery","health care"
"af922a55-ff56-771a-b9b5-06c1284ef0c8","gamification","gaming"
"af9307c9-6413-72ae-aac7-4391df240dd2","image recognition","software|data and analytics"
"b05bd17d-1df9-8add-ae14-14e07dc37c9c","sporting goods","sports|commerce and shopping"
"b0842bff-0f4d-ce9a-a2bc-3a7fe9e114f9","business travel","travel and tourism"
"b0e95e5d-857e-d561-7c34-133445cff0f0","parks","travel and tourism"
"b1234a83-0ad1-c131-b788-81f8eb48c35e","legal","professional services"
"b1b3b2d7-85ed-2cb1-fc60-3e2b6a3b5ddd","video streaming","content and publishing|media and entertainment|video"
"b244984c-5e8b-309a-0156-d579046114b2","cause marketing","sales and marketing"
"b26d30cb-466d-10fb-df31-7931541c33aa","virtual goods","software|commerce and shopping"
"b27ea7e3-827e-dd23-6ebd-97f11317780b","data storage","hardware|software"
"b3385762-ecb5-2f84-6a3c-0c399a9343d4","flowers","consumer goods"
"b3745f1d-614b-ae19-f0b7-946e2494aa6b","web apps","software|apps"
"b37dbaeb-c825-e6a0-36de-84556a5d2e1f","venture capital","financial services|lending and investments"
"b3f61863-2ac7-3381-5859-ca155b087551","gps","navigation and mapping|hardware"
"b4181d9d-6bf4-6120-55ce-baa95df30bd0","baseball","sports"
"b42d64b5-e6ea-c05e-d6b7-2732a057dd52","cloud storage","internet services"
"b433ae30-feb9-c0c6-75b0-6b16174ebe09","outdoor advertising","sales and marketing|advertising"
"b53bd8d3-71bc-b9bb-c9af-1d41cee0c822","social recruiting","professional services"
"b561fa84-cb20-4a82-a6bc-fea613d74cdd","last mile transportation","transportation"
"b57ba844-a631-9466-6e25-fb6e50aa5dca","vertical search","internet services"
"b5907394-9837-f190-7eca-a27462666650","space travel","transportation"
"b5cdd7ca-83f5-f44a-ee85-955a43b74d0a","confectionery","food and beverage"
"b65acba5-b299-3990-6390-8be3e3833a07","retail","commerce and shopping"
"b70871aa-224e-90f6-40ce-c8f0f0d5780c","virtual workforce","administrative services"
"b7989a4f-ede2-d9ec-6d97-0e13212423a9","wind energy","natural resources|sustainability|energy"
"b8ca872c-983d-f8dd-3639-2660511203ef","insurance","financial services"
"b8f561c5-521d-bfb2-2c56-46bc79f2f5d7","dating","community and lifestyle"
"b8f58a18-4533-50fb-93a9-b4f5579318c1","it management","information technology"
"b933df30-5110-493f-88f4-120979a1c00b","social assistance","government and military"
"b94dffa8-e39f-1a70-ef05-451d1b29fb20","location based services","data and analytics|internet services|navigation and mapping"
"b9833503-2cf2-12dd-bd0d-6b0596ddf8c5","iaas","software"
"b9c920c1-97ef-c9d2-e300-522f5e1cdaf2","govtech","information technology|government and military"
"b9cab5d0-2afc-6b49-ff6d-796d2ab49334","content delivery network","content and publishing"
"ba32af71-dbca-ceba-814e-5a3947c4ea31","hydroponics","agriculture and farming"
"bad7067e-b24d-5c63-a2e9-54a9e059d7cb","coffee","food and beverage"
"bb1777e5-25f3-b9f2-922b-0d5defe0d5bb","semantic search","internet services"
"bb2ad65f-1009-db81-c6f6-83dbcfd64870","automotive","transportation"
"bb6b92f9-ccfa-6f9b-a59e-4906ebf75fb9","debit cards","financial services|payments"
"bc22c61d-4d2f-3dd0-531b-457af33011a4","sponsorship","sales and marketing"
"bc4ee7e1-d4a1-c228-c551-29d716ba971f","communities","community and lifestyle"
"bca6746a-a1b8-0637-b9b2-985d70a7e507","recreation","sports"
"bcf1a24a-96df-d95b-099c-ddd418385579","wholesale","commerce and shopping"
"bd082f4d-45d1-0de3-0371-bb6e02d5f0e8","cryptocurrency","payments|software|financial services"
"be0cfcc4-764a-5444-8285-6e07bfb1c80d","professional networking","professional services|community and lifestyle"
"be0f36fc-f1fa-504e-b9a7-d5496cc754cd","organic","sustainability"
"be133f07-21af-c85e-fd6a-e2e3ddf8466a","health insurance","financial services"
"be21aa9f-99cd-0379-b746-899e0ec7e0fd","marketing automation","sales and marketing|software"
"be24ff10-a040-7d8f-d7a7-1169cc22497b","digital signage","sales and marketing"
"bf348036-5cb2-4d95-ec91-9ac7d1a27f94","janitorial service","real estate"
"bf395a9a-618c-0264-3a2b-b18d8dc56fff","hardware","hardware"
"bf605860-9fd2-4d32-e23e-93d977d72146","video chat","messaging and telecommunications|internet services|information technology"
"c027cef7-0f5e-e22c-cc82-937146652034","hedge funds","financial services|lending and investments"
"c051be69-51ed-d3ac-44ba-67dc5d9a4b3f","facilities support services","administrative services"
"c08b5441-a05b-9777-b7a6-012728caddd9","software","software"
"c0bdd8b4-e184-51bb-9098-d01fef4bd560","optical communication","hardware"
"c1179afb-3718-48f5-991f-c001aa32eb18","laundry and dry-cleaning","clothing and apparel"
"c17de7ff-6903-1bd4-d8b8-9c72560048ea","self-storage","real estate"
"c2022726-fdc4-b171-8848-8b2f252ef987","developer platform","software"
"c2a64787-d2ee-21b6-6795-b411924f779c","hotel","travel and tourism"
"c2a98b8f-f4bc-2a86-de72-ba85f41df990","physical security","privacy and security|administrative services"
"c2ddf939-d1f3-bd05-c436-22c0f3cdcb4b","e-commerce platforms","internet services|commerce and shopping"
"c333af05-5f63-e062-1fb3-99189f106b59","film","media and entertainment|video"
"c33728a5-de33-d0da-7bce-0e3c4383bc99","big data","data and analytics"
"c3d5f46f-0a9d-cfdc-a44a-4cc6a13fe804","solar","energy|natural resources|sustainability"
"c3e7ab05-df2e-17ed-187a-11040264ed58","corporate training","education"
"c466550b-b161-0646-3049-0045fae01b18","wellness","health care"
"c4c66159-7592-b141-ce57-4ffde4dabdde","career planning","professional services"
"c4cc6e8c-5e68-2d32-1a3d-ae8742432895","volley ball","sports"
"c4d8caf3-5fe7-359b-f9f2-2d708378e4ee","artificial intelligence","artificial intelligence|software|science and engineering|data and analytics"
"c5f45ca6-4a1b-ddf7-ab5d-b4a9f83f831e","housekeeping service","administrative services"
"c68ad390-d05d-fc84-bced-3d52a6352316","database","data and analytics|software"
"c6adf822-7fa3-c0b3-5188-556e08d72128","video","video|media and entertainment"
"c6d041b1-4dbe-796e-bd46-b7e050a344ec","lingerie","clothing and apparel|consumer goods"
"c704ac44-d7ba-7cbe-146c-1503d4e620f0","journalism","content and publishing|media and entertainment"
"c7ab2c73-e46f-0f40-afe0-eb6182949b41","smart building","real estate"
"c8e6b95f-80d9-bf15-ab7c-37a0e8f052c7","property management","real estate"
"c8f25333-db94-e96e-5a93-ac4912be67a1","building maintenance","real estate"
"c935f86f-45e9-7937-bf48-406d055ef664","virtual desktop","software"
"c9461eef-9ba2-cb92-0d05-2d2d5f85141c","advice","media and entertainment"
"c9546d53-3b28-8436-6358-584a3851dabf","home decor","real estate"
"ca121753-d26b-a8d7-854f-6b972fd1a391","local shopping","commerce and shopping"
"ca8390d7-22c6-5bb5-f870-22f52f364b1b","predictive analytics","data and analytics|software|artificial intelligence"
"cbc36b3c-09fd-1e1f-7ac8-400a546de247","wine and spirits","food and beverage"
"ccb73ca1-4648-8df2-22ae-029e3500f4c1","animal feed","agriculture and farming"
"cda62d12-823c-4d74-ec6c-6ac78d705ea0","tour operator","travel and tourism"
"cdb5753f-53c4-c62c-2afd-1e8d9c58cbf3","machinery manufacturing","manufacturing"
"ce027447-778c-015e-63e4-b80fd25a1259","fast-moving consumer goods","consumer goods|real estate"
"ce11fd97-65a0-4f8c-b385-2ca48f444479","smart cities","real estate"
"ce1f2a1b-09fc-781a-3e76-67a28b4abd15","playstation","hardware|consumer electronics|platforms"
"ce96eba3-ed75-ee34-c4c5-a5d29f6e34a5","personal development","education"
"cf4bfa34-4e5c-0003-ac5a-6a8aa9608f40","laser","hardware|science and engineering"
"cf573fc6-139f-c9fb-5b5e-b131fae12e51","government","government and military"
"d0c29b4e-27db-3c47-34fe-94881a585836","cloud data services","information technology|internet services"
"d1851d7c-8df1-a9ac-96cb-906b662a7ac7","warehousing","transportation"
"d1a166b5-2c1e-757c-b08e-6e5b7962e944","fashion","clothing and apparel|design"
"d1c5bf86-cc15-0f81-7020-8988122283cc","musical instruments","music and audio|media and entertainment"
"d1fa0ffc-a463-d8d8-2f7f-55ed33772c09","plastics and rubber manufacturing","manufacturing"
"d207fa81-f60f-f966-5564-92c133564737","extermination service","administrative services"
"d21c8107-c0c8-5ba2-a4cb-40a96d5d001c","civil engineering","science and engineering"
"d2836636-d33e-d8c2-1189-32668d519b74","nanotechnology","science and engineering"
"d29852ab-4bbf-95f5-6087-563ff127de71","brand marketing","sales and marketing"
"d2ac92bc-3c9e-918d-dcb4-8ce0a1abb12c","scheduling","information technology|software"
"d2cf7cf9-fb76-9f92-8ee0-c49154efa98e","mapping services","navigation and mapping"
"d38b3f26-abc4-6f7b-b29d-b952021a1b14","enterprise software","software"
"d4213181-48a9-dd50-10ff-32dd5a33e29f","public relations","sales and marketing"
"d495dc9c-0b00-c157-a254-e350f573d61e","navigation","navigation and mapping"
"d4a7bfe6-59ed-ae17-e043-1a7415745a0e","events","media and entertainment|events"
"d4daa14a-4946-67f6-d0b9-0997bdb2b889","music education","education|media and entertainment|music and audio"
"d543f842-188a-e2c5-e0c3-c747e340877c","same day delivery","transportation"
"d6c66c61-1af2-b02f-cb28-a1cdae75b125","cannabis","health care|food and beverage|community and lifestyle"
"d7655f5e-d618-4fbb-94a3-8a13cc374ff8","museums and historical sites","travel and tourism"
"d82f9f46-8a29-6c2b-791c-8006474b7e42","air transportation","transportation"
"d8cda5ae-af47-b0d1-4a9c-aec87289adc0","asset management","financial services"
"d922c006-3ba0-537a-edb5-379ca5767662","music","music and audio|media and entertainment"
"d956d857-a68e-cbf0-4d80-be7e9470bacc","linux","platforms|software"
"d97005a9-c9dc-e75d-4332-32329b93ebd4","hockey","sports"
"d9cf3c35-fcf6-294c-e755-c8cad2653125","online portals","internet services"
"d9dda577-abfe-5a6b-0dc5-f5680bc376b0","operating systems","software|platforms"
"d9ee2821-9f88-c0cf-e775-a34db739e9ec","bakery","food and beverage"
"da2d8638-5b11-da4b-129c-a7c7f2cd4e55","dental","health care"
"da6d4d3b-2911-c612-8350-008181ea1033","compliance","professional services"
"da9c9ae8-f089-ecd0-3709-243ae50460dc","windows","platforms"
"dabab6af-bf12-00ca-b185-85cead095097","video games","gaming"
"dac09aef-b2be-1f15-694d-3dfc0676632b","google glass","mobile|hardware|consumer electronics|platforms"
"dac5cf7f-174b-40c5-9895-5189aadb463d","outpatient care","health care"
"db01a201-1e47-57b3-c3cc-a63eb94e3878","news","media and entertainment|content and publishing"
"db343f85-e0e3-807d-0517-742163265ebb","cloud security","information technology|privacy and security"
"dbca89fa-f083-5438-b4ad-d3fdeceb78e7","information technology","information technology"
"dc779027-8b15-f74d-a7ae-a057c19c3975","eyewear","consumer goods"
"dcdddd27-fcdb-3375-7a20-429d2a64d9e7","group buying","commerce and shopping"
"dd09c747-194a-1304-b2ba-c467be9226c8","architecture","real estate"
"dd1ef133-8ee8-088c-bbe1-bdf22241358f","gaming","gaming"
"dd456d82-95d9-4e89-3e19-12a629a598ad","billing","software|payments"
"dd51c0d1-b953-89b6-4006-156640e8409f","internet radio","music and audio|media and entertainment"
"dd6300aa-6e9b-f529-dce7-9552e7f5fdc2","affiliate marketing","sales and marketing|advertising"
"dd74fc36-a3bd-4b34-d995-c4366e67c0cd","language learning","education"
"dd82e300-d885-87dd-148b-419b21c14cc9","web design","design"
"dda1f288-360b-4522-4943-a8e28db70976","usability testing","design|data and analytics"
"dddb9b25-2585-b348-f887-90a8c0fc4e0f","video conferencing","information technology|internet services|software|messaging and telecommunications|hardware"
"dddc8c55-dd73-7fa2-967d-d30fa491ebc6","home and garden","real estate"
"dde4df9b-2d64-c8da-3dc8-4c9635f1d415","social crm","information technology|sales and marketing|software"
"dedf003e-1bb6-d63c-8aa2-72384f91e5f0","gift exchange","commerce and shopping"
"e012a489-adc7-cd6d-975c-928a8dbf16cb","religion","community and lifestyle"
"e06799a9-f789-76e7-49a7-71ee980a70ec","fintech","financial services"
"e0f7b18a-4a5b-e2c0-a34e-1cad4114a984","video advertising","advertising|sales and marketing"
"e12cc7de-d276-007e-7d89-bdf3f8d1ffe7","telecommunications","hardware"
"e173f255-3db1-9d02-74cb-f58a1f45b483","electronics","hardware|consumer electronics"
"e1a4665e-8b66-feda-2432-39e907eceb6d","privacy","privacy and security"
"e2ea4bf5-a8e8-50e4-e803-64db842d7983","information and communications technology (ict)","information technology"
"e303e839-52d3-f2f0-b87d-757ee8b86b48","farming","agriculture and farming"
"e334bbe7-f9ef-9691-df46-926554326d40","industrial design","design|hardware"
"e33cac20-55b4-a943-e64a-7fc37a3d2ca3","insurtech","financial services"
"e362ac36-2e59-c58d-08fe-e5c45f13bc64","graphic design","design"
"e37ada49-ab15-5e46-0a49-f0ce1a3c9128","neuroscience","biotechnology|science and engineering"
"e391c491-c09d-a04e-b5b6-57aa8b8d0fc6","sustainability","sustainability"
"e3bb0c51-d59c-e1de-cf96-795b22f085a4","roku","hardware|platforms|consumer electronics"
"e42308b8-0757-71b4-0caa-cc1228e9cb98","golf","sports"
"e4d83fbb-33f0-a6f0-1399-a68245e8f8ac","construction","real estate"
"e4d98517-f894-5807-a67b-7c354214edd7","independent music","music and audio|media and entertainment"
"e4f60985-e604-9faa-3226-2df779f0d198","catering","food and beverage"
"e531be19-46aa-fb4e-354e-79b05ae1802a","renewable energy","sustainability|energy"
"e5445f23-204d-6d79-5309-2c17f1e66d78","video on demand","video|media and entertainment"
"e55f09e8-697b-1653-f86e-0274d25d6db6","training","education"
"e5dbd6bd-bc84-dc1d-ebac-595549a4319d","cooking","food and beverage"
"e5fc663a-6268-a965-2482-309f11b21c7b","social news","media and entertainment"
"e611283c-e2f1-4f80-3650-4ced61374404","biofuel","energy|sustainability|natural resources"
"e643b268-4da3-8a4a-c1ff-ae941d27b779","energy efficiency","sustainability|energy"
"e6d30f03-ec4b-0380-56eb-c127dc979003","clean energy","sustainability|energy"
"e7acbc99-32c7-4c88-09ed-8fae63eb2559","text analytics","data and analytics|software"
"e7d8b7ca-c72b-7793-5a6d-2801f6a0e8ee","hospitality","travel and tourism"
"e811671c-168d-1fd2-36e5-df4e08a09f7c","manufacturing","manufacturing"
"e8804a82-8603-d2e1-c3b5-d241dd8030b9","tutoring","education"
"e89057d0-4221-b6cd-8a26-dc846f371d56","e-learning","education|software"
"e907cf2a-842d-8a30-a0b1-07d9de4a8178","mobile","mobile"
"e95caf6b-205f-3839-f3c2-6bb796012cd7","pollution control","sustainability"
"e9794581-9547-2150-8185-7b747f5c9913","lighting","hardware"
"e99ec6ff-09d2-ca21-caef-404b5b558181","intrusion detection","privacy and security|information technology"
"e9abe18b-6578-192c-63a8-266acf7aa840","social media advertising","advertising|sales and marketing"
"e9ec479b-6753-59a6-c818-abc9eb1507b6","test and measurement","data and analytics"
"ea5b8052-d65d-c77b-6861-ebf3acf6d3cf","waste management","sustainability"
"ea9c541f-e059-4e9a-4aaa-c445a2a0570b","biomass energy","natural resources|energy|sustainability"
"eb60e5da-548d-c298-3a92-06c15a2c89eb","virtualization","hardware|software|information technology"
"eb80816d-769e-b2dc-e9b4-b6399e8c498e","open source","software"
"ebc74b68-1367-8a99-e551-c182d4457e87","packaging services","administrative services"
"eca36366-3502-acb7-f7a4-03d35360ddbd","grocery","food and beverage"
"ecb24ac4-b12d-cec8-86b4-d3cd57b451ee","data center automation","information technology|hardware|software"
"ed2c430c-795a-392e-13ba-370c8c4eb892","nintendo","hardware|consumer electronics|platforms"
"ed3a589d-c9a7-3cbb-9feb-245f011e1d54","internet of things","internet services"
"edfe69d7-57c2-dac4-fb02-86d10da987f1","virtual currency","software|financial services|payments"
"eee77d3b-0358-3f81-5f4e-86dce12a6d91","primary education","education"
"ef231156-53f4-cfa3-79ee-a04b28bc3c4a","public safety","government and military"
"ef901c9f-de7f-7411-3d79-0f62c6b22e44","power grid","energy"
"f0752dac-b351-89d6-ff07-a1dc47d5ffc3","veterinary","health care"
"f096ed15-f63f-d7f4-b2c3-89b70da2bd5e","product search","internet services"
"f1e750d2-a898-8c0f-7d78-5d687b71b0a7","textiles","manufacturing"
"f2120218-4c0a-a9e4-7d3a-4d1c8afeb155","drm","media and entertainment|privacy and security|content and publishing"
"f213df87-6356-e51f-245a-cf9b7e788b13","product research","data and analytics|design"
"f283d492-b4e4-703f-1270-783173e63eef","communications infrastructure","hardware"
"f2c39629-0eb0-ae45-4aa7-46956255df0c","boating","sports"
"f3ab458a-2913-2652-0187-66d083c5c860","coupons","commerce and shopping"
"f3b5e481-8880-c039-99df-6a980fadb070","green consumer goods","consumer goods|sustainability"
"f3c5ef54-991e-c673-396b-4fd95a4f1273","continuing education","education"
"f3d22026-c056-e0f6-52d9-a6b4e6008f84","field-programmable gate array (fpga)","hardware"
"f3f21d3f-29ac-5008-c81e-f57c2ac9dc00","motion capture","media and entertainment|video"
"f4709705-7bad-8cbf-0fda-c126de9c2fcd","virtual reality","software|hardware"
"f4ba246e-e61b-40f4-2289-0686ca748ea4","leisure","community and lifestyle"
"f544c562-7d7f-0184-1344-ce30946b60e3","content syndication","content and publishing|media and entertainment"
"f55dc7f6-6a38-750c-333b-c265f3761fe1","productivity tools","software"
"f561f98d-845a-fb55-93bd-5c64aac205a7","cricket","sports"
"f579213a-60af-8bb3-309b-1d80607ad2a9","information services","information technology"
"f6195c47-1e3b-4cce-5409-6ed62f94d43c","payments","financial services|payments"
"f6de0321-9c3e-cbab-7a67-a018375bbb4e","child care","health care"
"f71aa2bf-aa05-70ca-9c46-495ef4e4f06c","battery","energy"
"f7df428d-eb21-4d99-60d5-3cb8ed258b9e","gift registry","commerce and shopping"
"f8146b4d-5d26-53a6-fea7-304e54b40e50","email marketing","sales and marketing"
"f8985bed-69c1-d34c-66d5-a7fb6bdad279","mechanical engineering","science and engineering"
"f8c49f2b-05d1-923c-f820-6d67bd12f35f","photo editing","media and entertainment|content and publishing"
"f9e27700-8504-b203-6b23-606fb32d1449","industrial automation","science and engineering|manufacturing"
"f9f2471c-b164-77bd-a9ca-b5defca5d67a","tizen","platforms"
"fa736a2c-3108-8e06-9adf-fb7a75744f5b","agtech","agriculture and farming"
"fb5cc2a4-3acd-dc96-a784-d725775b14b1","human computer interaction","design|science and engineering"
"fdbc28f6-7091-1714-42c9-0c6c435b3479","alternative medicine","health care"
"fdce94bf-c29d-00bd-2925-9c07fa487243","home health care","health care"
"fe55ab18-5d21-5cd3-3aac-f899919728ed","landscaping","real estate"
"fec1a806-6b09-549e-2c93-7aacad1a38f9","lead generation","sales and marketing"
